id	kind	section	text	path	agentcoin
P.NAM.01	principle	命名	同一个crate中标识符的命名规则应该使用统一的词序	src/safe-guides/code_style/naming/P.NAM.01.md	
P.NAM.02	principle	命名	为 cargo feature 命名时不应含有无意义的占位词	src/safe-guides/code_style/naming/P.NAM.02.md	
P.NAM.03	principle	命名	标识符命名应该符合阅读习惯	src/safe-guides/code_style/naming/P.NAM.03.md	
P.NAM.04	principle	命名	作用域越大命名越精确，反之应简短	src/safe-guides/code_style/naming/P.NAM.04.md	
P.NAM.05	principle	命名	用于访问或获取数据的 getter 类方法通常不要使用 get_ 前缀	src/safe-guides/code_style/naming/P.NAM.05.md	
P.NAM.06	principle	命名	遵循 iter/ iter_mut/ into_iter 规范来生成迭代器	src/safe-guides/code_style/naming/P.NAM.06.md	
P.NAM.07	principle	命名	避免使用语言内置保留字、关键字、内置类型和trait等特殊名称	src/safe-guides/code_style/naming/P.NAM.07.md	
P.NAM.08	principle	命名	避免在变量的命名中添加类型标识	src/safe-guides/code_style/naming/P.NAM.08.md	
P.NAM.09	principle	命名	定义全局静态变量时需加前缀G_以便和常量有所区分	src/safe-guides/code_style/naming/P.NAM.09.md	不采纳：静态变量沿用 SCREAMING_SNAKE_CASE，不加 G_ 前缀
G.NAM.01	guideline	命名	使用统一的命名风格	src/safe-guides/code_style/naming/G.NAM.01.md	
G.NAM.02	guideline	命名	类型转换函数命名需要遵循所有权语义	src/safe-guides/code_style/naming/G.NAM.02.md	
P.FMT.01	principle	格式	使用 rustfmt 进行自动格式化代码	src/safe-guides/code_style/fmt/P.FMT.01.md	
P.FMT.02	principle	格式	缩进使用空格而非制表符	src/safe-guides/code_style/fmt/P.FMT.02.md	
P.FMT.03	principle	格式	行间距最大宽度空一行	src/safe-guides/code_style/fmt/P.FMT.03.md	
P.FMT.04	principle	格式	语言项（Item) 定义时左花括号（brace）位置应该与语言项保持同一行	src/safe-guides/code_style/fmt/P.FMT.04.md	
P.FMT.05	principle	格式	存在多个标识符时应该保持块状（Block）缩进	src/safe-guides/code_style/fmt/P.FMT.05.md	
P.FMT.06	principle	格式	当有多行表达式操作时，操作符应该置于行首	src/safe-guides/code_style/fmt/P.FMT.06.md	
P.FMT.07	principle	格式	枚举变体和结构体字段都应左对齐	src/safe-guides/code_style/fmt/P.FMT.07.md	
P.FMT.08	principle	格式	函数参数超过五个或导入模块个数超过四个需换行	src/safe-guides/code_style/fmt/P.FMT.08.md	
P.FMT.09	principle	格式	不同的场景，使用不同的空格风格	src/safe-guides/code_style/fmt/P.FMT.09.md	
P.FMT.10	principle	格式	match 分支应该具有良好的可读性	src/safe-guides/code_style/fmt/P.FMT.10.md	
P.FMT.11	principle	格式	导入模块分组应该具有良好的可读性	src/safe-guides/code_style/fmt/P.FMT.11.md	
P.FMT.12	principle	格式	声明宏分支应该具有良好的可读性	src/safe-guides/code_style/fmt/P.FMT.12.md	
P.FMT.13	principle	格式	具名结构体字段初始化时不要省略字段名	src/safe-guides/code_style/fmt/P.FMT.13.md	
P.FMT.14	principle	格式	extern 外部函数需要显式指定 C-ABI	src/safe-guides/code_style/fmt/P.FMT.14.md	
P.FMT.15	principle	格式	解构元组的时候允许使用..来指代剩余元素	src/safe-guides/code_style/fmt/P.FMT.15.md	
P.FMT.16	principle	格式	不要将派生宏中多个不相关的特质合并为同一行	src/safe-guides/code_style/fmt/P.FMT.16.md	
P.CMT.01	principle	注释	代码能做到自注释，文档要干练简洁	src/safe-guides/code_style/comments/P.CMT.01.md	
P.CMT.02	principle	注释	注释应该有宽度限制	src/safe-guides/code_style/comments/P.CMT.02.md	
P.CMT.03	principle	注释	使用行注释而避免使用块注释	src/safe-guides/code_style/comments/P.CMT.03.md	
P.CMT.04	principle	注释	文件头注释包含版权说明	src/safe-guides/code_style/comments/P.CMT.04.md	不采纳：不要求文件头版权注释（仓库级 LICENSE）
P.CMT.05	principle	注释	在注释中使用 FIXME 和 TODO 来帮助任务协作	src/safe-guides/code_style/comments/P.CMT.05.md	
G.CMT.01	guideline	注释	在公开的返回Result类型的函数文档中增加 Error 注释	src/safe-guides/code_style/comments/G.CMT.01.md	
G.CMT.02	guideline	注释	如果公开的API在某些情况下会发生Panic，则相应文档中需增加 Panic 注释	src/safe-guides/code_style/comments/G.CMT.02.md	
G.CMT.03	guideline	注释	在文档注释中要使用空格代替 tab	src/safe-guides/code_style/comments/G.CMT.03.md	
G.CNS.01	guideline	常量	对于科学计算中涉及浮点数近似值的常量宜使用预定义常量	src/safe-guides/coding_practice/consts/G.CNS.01.md	
G.CNS.02	guideline	常量	不应断言常量布尔类型	src/safe-guides/coding_practice/consts/G.CNS.02.md	
G.CNS.03	guideline	常量	不应将内部可变性容器声明为常量	src/safe-guides/coding_practice/consts/G.CNS.03.md	
G.CNS.04	guideline	常量	不应在常量定义中增加显式的 'static 生命周期	src/safe-guides/coding_practice/consts/G.CNS.04.md	
G.CNS.05	guideline	常量	对于适用 const fn 的函数或方法宜尽可能地使用 const fn	src/safe-guides/coding_practice/consts/G.CNS.05.md	
G.STV.01	guideline	静态变量	不宜直接使用可变静态变量作为全局变量	src/safe-guides/coding_practice/statics/G.STV.01.md	
P.VAR.01	principle	本地变量	一般情况下避免先声明可变变量再赋值	src/safe-guides/coding_practice/variables/P.VAR.01.md	
P.VAR.02	principle	本地变量	利用变量遮蔽功能保证变量安全使用	src/safe-guides/coding_practice/variables/P.VAR.02.md	
G.VAR.01	guideline	本地变量	以解构元组方式定义超过四个变量时不应使用太多无意义变量名	src/safe-guides/coding_practice/variables/G.VAR.01.md	
G.VAR.02	guideline	本地变量	不应使用非 ASCII 字符作为标识符	src/safe-guides/coding_practice/variables/G.VAR.02.md	
G.VAR.03	guideline	本地变量	变量遮蔽功能应当合理使用	src/safe-guides/coding_practice/variables/G.VAR.03.md	
G.VAR.04	guideline	本地变量	避免因局部变量过大而导致的大量栈分配	src/safe-guides/coding_practice/variables/G.VAR.04.md	
P.TYP.01	principle	数据类型	必要时，应使类型可以表达更明确的语义，而不是只是直接使用原生类型	src/safe-guides/coding_practice/data-type/P.TYP.01.md	
G.TYP.01	guideline	数据类型	类型转换尽可能使用安全的转换函数代替 as	src/safe-guides/coding_practice/data-type/G.TYP.01.md	
G.TYP.02	guideline	数据类型	数字字面量在使用的时候应该明确标注类型	src/safe-guides/coding_practice/data-type/G.TYP.02.md	
G.TYP.03	guideline	数据类型	不要用数字类型边界值判断能否安全转换，而应使用 try_from 方法	src/safe-guides/coding_practice/data-type/G.TYP.03.md	
G.TYP.BOL.01	guideline	数据类型 / 布尔	不应将布尔值和布尔字面量进行比较	src/safe-guides/coding_practice/data-type/bool/G.TYP.BOL.01.md	
G.TYP.BOL.02	guideline	数据类型 / 布尔	如果 match 匹配表达式为布尔类型，宜使用 if 表达式来代替	src/safe-guides/coding_practice/data-type/bool/G.TYP.BOL.02.md	
G.TYP.BOL.03	guideline	数据类型 / 布尔	不应将数字类型转换为布尔值	src/safe-guides/coding_practice/data-type/bool/G.TYP.BOL.03.md	
G.TYP.BOL.04	guideline	数据类型 / 布尔	禁止在if表达式条件中使用块结构	src/safe-guides/coding_practice/data-type/bool/G.TYP.BOL.04.md	
G.TYP.BOL.05	guideline	数据类型 / 布尔	非必要时，布尔运算应使用逻辑运算符( &&/||)而非位运算符 (&/|)	src/safe-guides/coding_practice/data-type/bool/G.TYP.BOL.05.md	
G.TYP.BOL.06	guideline	数据类型 / 布尔	不应使用数字代替布尔值	src/safe-guides/coding_practice/data-type/bool/G.TYP.BOL.06.md	
G.TYP.BOL.07	guideline	数据类型 / 布尔	使用 `.not()` 方法代替逻辑取反运算符 (`!`)	src/safe-guides/coding_practice/data-type/bool/G.TYP.BOL.07.md	不采纳：使用 `!` 取反即可
G.TYP.CHR.01	guideline	数据类型 / 字符	不应将字符字面量强制转换为 u8	src/safe-guides/coding_practice/data-type/char/G.TYP.CHR.01.md	
G.TYP.CHR.02	guideline	数据类型 / 字符	字符串方法中如果需要单个字符的值作为参数，宜使用字符而非字符串	src/safe-guides/coding_practice/data-type/char/G.TYP.CHR.02.md	
G.TYP.CHR.03	guideline	数据类型 / 字符	需要将整数转换为字符时，应使用安全转换函数，而非 transmute	src/safe-guides/coding_practice/data-type/char/G.TYP.CHR.03.md	
G.TYP.INT.01	guideline	数据类型 / 整数	在用整数计算的时候需要考虑整数溢出、回绕和截断的风险	src/safe-guides/coding_practice/data-type/int/G.TYP.INT.01.md	
G.TYP.INT.02	guideline	数据类型 / 整数	避免在有符号整数和无符号整数之间进行强制转换	src/safe-guides/coding_practice/data-type/int/G.TYP.INT.02.md	
G.TYP.INT.03	guideline	数据类型 / 整数	对负数取模计算的时候不应使用 %	src/safe-guides/coding_practice/data-type/int/G.TYP.INT.03.md	
G.TYP.FLT.01	guideline	数据类型 / 浮点数	使用浮点数字面量时，要警惕是否存在被Rust编译器截断的风险	src/safe-guides/coding_practice/data-type/float/G.TYP.FLT.01.md	
G.TYP.FLT.02	guideline	数据类型 / 浮点数	从任何数字类型转换为浮点类型时注意避免损失精度	src/safe-guides/coding_practice/data-type/float/G.TYP.FLT.02.md	
G.TYP.FLT.03	guideline	数据类型 / 浮点数	对精度高要求的场景下，使用浮点数进行运算和比较时需要注意精度损失	src/safe-guides/coding_practice/data-type/float/G.TYP.FLT.03.md	
G.TYP.FLT.04	guideline	数据类型 / 浮点数	宜使用Rust内置方法处理浮点数计算	src/safe-guides/coding_practice/data-type/float/G.TYP.FLT.04.md	
G.TYP.FLT.05	guideline	数据类型 / 浮点数	禁止在浮点数和整数相互转换时使用 transmute	src/safe-guides/coding_practice/data-type/float/G.TYP.FLT.05.md	
P.TYP.SLC.01	principle	数据类型 / 切片	宜使用切片迭代器来代替手工索引	src/safe-guides/coding_practice/data-type/slice/P.TYP.SLC.01.md	
P.TYP.SLC.02	principle	数据类型 / 切片	宜使用切片模式来提升代码的可读性	src/safe-guides/coding_practice/data-type/slice/P.TYP.SLC.02.md	
G.TYP.TUP.01	guideline	数据类型 / 元组	使用元组时，其元素不宜超过3个	src/safe-guides/coding_practice/data-type/tuple/G.TYP.TUP.01.md	
G.TYP.ARR.01	guideline	数据类型 / 固定长度数组	创建大全局数组时宜使用静态变量而非常量	src/safe-guides/coding_practice/data-type/array/G.TYP.ARR.01.md	
G.TYP.ARR.02	guideline	数据类型 / 固定长度数组	使用数组索引时禁止越界访问	src/safe-guides/coding_practice/data-type/array/G.TYP.ARR.02.md	
G.TYP.ARR.03	guideline	数据类型 / 固定长度数组	当数组元素为原生数据类型（Primitive），排序时优先选用非稳定排序	src/safe-guides/coding_practice/data-type/array/G.TYP.ARR.03.md	
P.TYP.VEC.01	principle	数据类型 / 动态数组	非必要时不宜使用动态数组	src/safe-guides/coding_practice/data-type/vec/P.TYP.VEC.01.md	
P.TYP.VEC.02	principle	数据类型 / 动态数组	创建动态数组时，宜预先分配足够容量，避免后续操作中产生多次分配	src/safe-guides/coding_practice/data-type/vec/P.TYP.VEC.02.md	
G.TYP.VEC.01	guideline	数据类型 / 动态数组	禁止访问未初始化的数组	src/safe-guides/coding_practice/data-type/vec/G.TYP.VEC.01.md	
P.TYP.SCT.01	principle	数据类型 / 结构体	为结构体实现构造性方法时，避免构造后再初始化的情况	src/safe-guides/coding_practice/data-type/struct/P.TYP.SCT.01.md	
P.TYP.SCT.02	principle	数据类型 / 结构体	结构体实例需要默认实现时，宜使用Default特质	src/safe-guides/coding_practice/data-type/struct/P.TYP.SCT.02.md	
G.TYP.SCT.01	guideline	数据类型 / 结构体	对外导出的公开的 Struct，宜添加#[non_exhaustive]属性	src/safe-guides/coding_practice/data-type/struct/G.TYP.SCT.01.md	
G.TYP.SCT.02	guideline	数据类型 / 结构体	当结构体中有超过三个布尔类型的字段，宜将其独立为新的枚举类	src/safe-guides/coding_practice/data-type/struct/G.TYP.SCT.02.md	
G.TYP.SCT.03	guideline	数据类型 / 结构体	宜使用结构体功能更新语法来提升代码可读性	src/safe-guides/coding_practice/data-type/struct/G.TYP.SCT.03.md	
G.TYP.ENM.01	guideline	数据类型 / 枚举体	合理使用map和and_then方法	src/safe-guides/coding_practice/data-type/enum/G.TYP.ENM.01.md	
G.TYP.ENM.02	guideline	数据类型 / 枚举体	不应自行创建空枚举	src/safe-guides/coding_practice/data-type/enum/G.TYP.ENM.02.md	
G.TYP.ENM.03	guideline	数据类型 / 枚举体	在使用类似 C 语言的枚举写法且使用repr(isize/usize) 布局时注意 32位架构上截断的问题	src/safe-guides/coding_practice/data-type/enum/G.TYP.ENM.03.md	
G.TYP.ENM.04	guideline	数据类型 / 枚举体	不宜在use语句中引入Enum的全部变体（variants）	src/safe-guides/coding_practice/data-type/enum/G.TYP.ENM.04.md	
G.TYP.ENM.05	guideline	数据类型 / 枚举体	对外导出的公开Enum，宜添加#[non_exhaustive]属性	src/safe-guides/coding_practice/data-type/enum/G.TYP.ENM.05.md	
G.TYP.ENM.06	guideline	数据类型 / 枚举体	Enum内变体的大小差异不宜过大	src/safe-guides/coding_practice/data-type/enum/G.TYP.ENM.06.md	
G.TYP.ENM.07	guideline	数据类型 / 枚举体	如需依赖 Enum 中变体的序数，则应显示为变体设置明确的数值	src/safe-guides/coding_practice/data-type/enum/G.TYP.ENM.07.md	
G.EXP.01	guideline	表达式	当需要对表达式求值后重新赋值时，宜使用复合赋值模式	src/safe-guides/coding_practice/expr/G.EXP.01.md	
G.EXP.02	guideline	表达式	不宜在比较中使用不兼容的位掩码	src/safe-guides/coding_practice/expr/G.EXP.02.md	
G.EXP.03	guideline	表达式	不应利用数组表达式的边界检查来 Panic，而应使用断言	src/safe-guides/coding_practice/expr/G.EXP.03.md	
G.EXP.04	guideline	表达式	自增或自减运算使用`+=`或`-=`	src/safe-guides/coding_practice/expr/G.EXP.04.md	
G.EXP.05	guideline	表达式	使用括号来清楚表示表达式的计算顺序	src/safe-guides/coding_practice/expr/G.EXP.05.md	
G.EXP.06	guideline	表达式	避免在比较中添加无用的掩码操作	src/safe-guides/coding_practice/expr/G.EXP.06.md	
P.CTF.01	principle	控制流程	避免滥用迭代器	src/safe-guides/coding_practice/control-flow/P.CTF.01.md	
P.CTF.02	principle	控制流程	优先使用模式匹配而非判断后再取值	src/safe-guides/coding_practice/control-flow/P.CTF.02.md	
G.CTF.01	guideline	控制流程	当需要通过多个if判断来比较大小来区分不同情况时，优先使用match和cmp来代替if表达式	src/safe-guides/coding_practice/control-flow/G.CTF.01.md	
G.CTF.02	guideline	控制流程	if条件表达式分支中如果包含了else if分支也应该包含else分支	src/safe-guides/coding_practice/control-flow/G.CTF.02.md	
G.CTF.03	guideline	控制流程	如果要通过 if 条件表达式来判断是否 Panic，请优先使用断言	src/safe-guides/coding_practice/control-flow/G.CTF.03.md	
G.CTF.04	guideline	控制流程	在 Match 分支的 Guard 语句中不要使用带有副作用的条件表达式	src/safe-guides/coding_practice/control-flow/G.CTF.04.md	
P.STR.01	principle	字符串	处理字符串元素时优先按字节处理而非字符	src/safe-guides/coding_practice/strings/P.STR.01.md	
P.STR.02	principle	字符串	创建字符串时，宜预先分配大约足够的容量来避免后续操作中产生多次分配	src/safe-guides/coding_practice/strings/P.STR.02.md	
P.STR.03	principle	字符串	在使用内建字符串处理函数或方法的时候，应注意避免隐藏的嵌套迭代或多次迭代	src/safe-guides/coding_practice/strings/P.STR.03.md	
P.STR.04	principle	字符串	在使用 `Cow<'a, B> `时要注意选择合理场景以便最大化地优化性能	src/safe-guides/coding_practice/strings/P.STR.04.md	
P.STR.05	principle	字符串	在拼接字符串时，优先使用format!	src/safe-guides/coding_practice/strings/P.STR.05.md	
G.STR.01	guideline	字符串	在实现Display特质时不应调用to_string()方法	src/safe-guides/coding_practice/strings/G.STR.01.md	
G.STR.02	guideline	字符串	在追加字符串时使用push_str方法	src/safe-guides/coding_practice/strings/G.STR.02.md	
G.STR.03	guideline	字符串	将只包含 ASCII字符的字符串字面量转为字节序列可以直接使用b"str" 语法代替调用as_bytes方法	src/safe-guides/coding_practice/strings/G.STR.03.md	
G.STR.04	guideline	字符串	需要辨别字符串的字符开头或结尾字符时，不应按字符迭代比较	src/safe-guides/coding_practice/strings/G.STR.04.md	
G.STR.05	guideline	字符串	对字符串按指定位置进行切片的时候需要小心破坏其 UTF-8 编码	src/safe-guides/coding_practice/strings/G.STR.05.md	
P.CLT.01	principle	集合容器	创建HashMap、VecDeque时，可以预先分配大约足够的容量来避免后续操作中产生多次分配	src/safe-guides/coding_practice/collections/P.CLT.01.md	
G.CLT.01	guideline	集合容器	非必要情况下，不要使用LinkedList，而用Vec或VecDeque代替	src/safe-guides/coding_practice/collections/G.CLT.01.md	
P.FUD.01	principle	函数设计	传递到闭包的变量建议单独重新绑定	src/safe-guides/coding_practice/fn-design/P.FUD.01.md	
P.FUD.02	principle	函数设计	函数返回值不要使用 return	src/safe-guides/coding_practice/fn-design/P.FUD.02.md	
G.FUD.01	guideline	函数设计	函数参数最长不要超过五个	src/safe-guides/coding_practice/fn-design/G.FUD.01.md	
G.FUD.02	guideline	函数设计	当函数参数实现了 Copy，并且是按值传入，如果值可能会太大，则宜考虑按引用传递	src/safe-guides/coding_practice/fn-design/G.FUD.02.md	
G.FUD.03	guideline	函数设计	当函数参数出现太多 bool 类型的参数时，应该考虑将其封装为自定义的结构体或枚举	src/safe-guides/coding_practice/fn-design/G.FUD.03.md	
G.FUD.04	guideline	函数设计	当Copy 类型的足够小的值作为函数参数时，应该按值（by-value）传入，而不是引用(by-ref)	src/safe-guides/coding_practice/fn-design/G.FUD.04.md	
G.FUD.05	guideline	函数设计	不要总是为函数指定 inline(always)	src/safe-guides/coding_practice/fn-design/G.FUD.05.md	
G.FUD.06	guideline	函数设计	函数参数应该考虑兼容多种类型	src/safe-guides/coding_practice/fn-design/G.FUD.06.md	
P.GEN.01	principle	泛型	用泛型来抽象公共语义	src/safe-guides/coding_practice/generic/P.GEN.01.md	
P.GEN.02	principle	泛型	不要随便使用 impl Trait 语法替代泛型限定	src/safe-guides/coding_practice/generic/P.GEN.02.md	
P.GEN.03	principle	泛型	不要使用太多泛型参数和 trait 限定，否则会增长编译时间	src/safe-guides/coding_practice/generic/P.GEN.03.md	
P.GEN.04	principle	泛型	为泛型类型实现方法时，impl 中声明的泛型类型参数一定要被用到	src/safe-guides/coding_practice/generic/P.GEN.04.md	
P.GEN.05	principle	泛型	定义泛型函数时，如果该函数实现用到来自 trait 定义的相关行为，需要为泛型指定相关 trait 的限定	src/safe-guides/coding_practice/generic/P.GEN.05.md	
G.GEN.01	guideline	泛型	不要在泛型位置上使用内建类型	src/safe-guides/coding_practice/generic/G.GEN.01.md	
G.GEN.02	guideline	泛型	使用 Rust 标准库中某些方法，要注意避免使用其泛型默认实现，而应该使用具体类型的实现	src/safe-guides/coding_practice/generic/G.GEN.02.md	
P.TRA.01	principle	特质	使用 trait 时要注意 trait 一致性规则	src/safe-guides/coding_practice/traits/P.TRA.01.md	
P.TRA.BLN.01	principle	特质 / 标准库内置 trait	在实现Borrow特质时，需要注意一致性	src/safe-guides/coding_practice/traits/std-builtin/P.TRA.BLN.01.md	
G.TRA.BLN.01	guideline	特质 / 标准库内置 trait	应该具体类型的 default() 方法代替 Default::default() 调用	src/safe-guides/coding_practice/traits/std-builtin/G.TRA.BLN.01.md	
G.TRA.BLN.02	guideline	特质 / 标准库内置 trait	不要为迭代器实现Copy 特质	src/safe-guides/coding_practice/traits/std-builtin/G.TRA.BLN.02.md	
G.TRA.BLN.03	guideline	特质 / 标准库内置 trait	能使用派生宏（Derive）自动实现Default特质就不要用手工实现	src/safe-guides/coding_practice/traits/std-builtin/G.TRA.BLN.03.md	
G.TRA.BLN.04	guideline	特质 / 标准库内置 trait	在使用#[derive(Hash)] 的时候，避免再手工实现 PartialEq	src/safe-guides/coding_practice/traits/std-builtin/G.TRA.BLN.04.md	
G.TRA.BLN.05	guideline	特质 / 标准库内置 trait	在使用#[derive(Ord)] 的时候，避免再手工实现 PartialOrd	src/safe-guides/coding_practice/traits/std-builtin/G.TRA.BLN.05.md	
G.TRA.BLN.06	guideline	特质 / 标准库内置 trait	不要对实现 Copy 或引用类型调用 std::mem::drop 和 std::mem::forgot	src/safe-guides/coding_practice/traits/std-builtin/G.TRA.BLN.06.md	
G.TRA.BLN.07	guideline	特质 / 标准库内置 trait	对实现 Copy 的可迭代类型来说，要通过迭代器拷贝其所有元素时，应该使用 copied方法，而非cloned	src/safe-guides/coding_practice/traits/std-builtin/G.TRA.BLN.07.md	
G.TRA.BLN.08	guideline	特质 / 标准库内置 trait	实现 From 而不是 Into	src/safe-guides/coding_practice/traits/std-builtin/G.TRA.BLN.08.md	
G.TRA.BLN.09	guideline	特质 / 标准库内置 trait	一般情况下不要给 Copy 类型手工实现 Clone	src/safe-guides/coding_practice/traits/std-builtin/G.TRA.BLN.09.md	
G.TRA.BLN.10	guideline	特质 / 标准库内置 trait	不要随便使用Deref特质来模拟继承	src/safe-guides/coding_practice/traits/std-builtin/G.TRA.BLN.10.md	
P.TRA.OBJ.01	principle	特质 / trait 对象	根据场景合理选择使用trait对象或泛型静态分发	src/safe-guides/coding_practice/traits/trait-object/P.TRA.OBJ.01.md	
P.TRA.OBJ.02	principle	特质 / trait 对象	除非必要，避免自定义虚表	src/safe-guides/coding_practice/traits/trait-object/P.TRA.OBJ.02.md	
P.ERR.01	principle	错误处理	当传入函数的参数值因为超出某种限制可能会导致函数调用失败，应该使用断言	src/safe-guides/coding_practice/error-handle/P.ERR.01.md	
P.ERR.02	principle	错误处理	在确定 Option<T> 和 Result<T, E>类型的值不可能是 None 或 Err 时，请用 expect 代替 unwrap()	src/safe-guides/coding_practice/error-handle/P.ERR.02.md	覆盖：非测试代码禁止 unwrap/expect，改用 `?` 或显式错误
G.ERR.01	guideline	错误处理	在处理 Option<T> 和 Result<T, E> 类型时，不要随便使用 unwrap	src/safe-guides/coding_practice/error-handle/G.ERR.01.md	
G.ERR.02	guideline	错误处理	不要滥用 expect，请考虑用 unwrap_or_ 系列方法代替	src/safe-guides/coding_practice/error-handle/G.ERR.02.md	覆盖：同上，非测试代码禁止 expect
P.MEM.LFT.01	principle	内存管理 / 生命周期	生命周期参数命名尽量有意义且简洁	src/safe-guides/coding_practice/memory/lifetime/P.MEM.LFT.01.md	
P.MEM.LFT.02	principle	内存管理 / 生命周期	通常需要显式地标注生命周期，而非利用编译器推断	src/safe-guides/coding_practice/memory/lifetime/P.MEM.LFT.02.md	
P.MEM.SPT.01	principle	内存管理 / 智能指针	使用 `RefCell<T>` 时宜使用 `try_borrow`/`try_borrow_mut` 方法	src/safe-guides/coding_practice/memory/smart-ptr/P.MEM.SPT.01.md	
G.MEM.BOX.01	guideline	内存管理 / Box 类型	一般情况下，不应直接对 `Box<T>` 进行借用	src/safe-guides/coding_practice/memory/box/G.MEM.BOX.01.md	
G.MEM.BOX.02	guideline	内存管理 / Box 类型	一般情况下，不应直接对已经在堆上分配内存的类型进行 Box 装箱	src/safe-guides/coding_practice/memory/box/G.MEM.BOX.02.md	
G.MEM.BOX.03	guideline	内存管理 / Box 类型	一般情况下，不应直接对栈分配类型进行 Box 装箱	src/safe-guides/coding_practice/memory/box/G.MEM.BOX.03.md	
G.MEM.DRP.01	guideline	内存管理 / Drop 析构	要注意防范内存泄漏	src/safe-guides/coding_practice/memory/drop/G.MEM.DRP.01.md	
P.MOD.01	principle	模块	合理控制对外接口和模块之间的可见性	src/safe-guides/coding_practice/module/P.MOD.01.md	
P.MOD.02	principle	模块	将模块的测试移动到单独的文件，有助于增加编译速度	src/safe-guides/coding_practice/module/P.MOD.02.md	
G.MOD.01	guideline	模块	使用导入模块中的类型或函数，在某些情况下需要带模块名前缀	src/safe-guides/coding_practice/module/G.MOD.01.md	
G.MOD.02	guideline	模块	如果是作为库供别人使用，在 lib.rs中重新导出对外类型、函数和 trait 等	src/safe-guides/coding_practice/module/G.MOD.02.md	
G.MOD.03	guideline	模块	导入模块不要随便使用 通配符`*`	src/safe-guides/coding_practice/module/G.MOD.03.md	
G.MOD.04	guideline	模块	一个项目中应该避免使用不同的模块布局风格	src/safe-guides/coding_practice/module/G.MOD.04.md	
G.MOD.05	guideline	模块	不要在私有模块中设置其内部类型或函数方法为 pub(crate)	src/safe-guides/coding_practice/module/G.MOD.05.md	
P.CAR.01	principle	包管理	应该尽量把项目划分为合理的 crate 组合	src/safe-guides/coding_practice/cargo/P.CAR.01.md	
P.CAR.02	principle	包管理	不要滥用 Features	src/safe-guides/coding_practice/cargo/P.CAR.02.md	
P.CAR.03	principle	包管理	使用 cargo features 来代替 `--cfg` 条件编译参数	src/safe-guides/coding_practice/cargo/P.CAR.03.md	
P.CAR.04	principle	包管理	宜使用 `cfg!` 来代替 `#[cfg]`	src/safe-guides/coding_practice/cargo/P.CAR.04.md	
G.CAR.01	guideline	包管理	当项目是可执行程序而非库时，建议使用 `src/main.rs` 和 `src/lib.rs` 模式	src/safe-guides/coding_practice/cargo/G.CAR.01.md	
G.CAR.02	guideline	包管理	Crate 的 Cargo.toml 中应该包含必要的元信息	src/safe-guides/coding_practice/cargo/G.CAR.02.md	
G.CAR.03	guideline	包管理	Feature 命名应该避免否定式或多余的前后缀	src/safe-guides/coding_practice/cargo/G.CAR.03.md	
G.CAR.04	guideline	包管理	Cargo.toml 中依赖包版本不应使用通配符	src/safe-guides/coding_practice/cargo/G.CAR.04.md	
P.MAC.01	principle	宏	不要轻易使用宏	src/safe-guides/coding_practice/macros/P.MAC.01.md	
P.MAC.02	principle	宏	实现宏语法的时候，应该尽量贴近 Rust 语法	src/safe-guides/coding_practice/macros/P.MAC.02.md	
G.MAC.01	guideline	宏	`dbg!()` 宏只应该用于调试代码	src/safe-guides/coding_practice/macros/G.MAC.01.md	
G.MAC.02	guideline	宏	使用宏时应该考虑宏展开会让编译文件膨胀的影响	src/safe-guides/coding_practice/macros/G.MAC.02.md	
P.MAC.DCL.01	principle	宏 / 声明宏	不要将声明宏内的变量作为外部变量使用	src/safe-guides/coding_practice/macros/decl/P.MAC.DCL.01.md	
P.MAC.DCL.02	principle	宏 / 声明宏	在编写多个宏规则时，应该先从匹配粒度最小的开始写	src/safe-guides/coding_practice/macros/decl/P.MAC.DCL.02.md	
P.MAC.DCL.03	principle	宏 / 声明宏	不要在片段分类符跟随它不匹配的符号	src/safe-guides/coding_practice/macros/decl/P.MAC.DCL.03.md	
P.MAC.DCL.04	principle	宏 / 声明宏	匹配规则要精准，不要模糊不清	src/safe-guides/coding_practice/macros/decl/P.MAC.DCL.04.md	
P.MAC.DCL.05	principle	宏 / 声明宏	使用宏替换（substitution）元变量的时候要注意选择合适的片段分类符	src/safe-guides/coding_practice/macros/decl/P.MAC.DCL.05.md	
P.MAC.DCL.06	principle	宏 / 声明宏	当宏需要接收 self 时需要注意	src/safe-guides/coding_practice/macros/decl/P.MAC.DCL.06.md	
P.MAC.DCL.07	principle	宏 / 声明宏	确保在宏定义之后再去调用宏	src/safe-guides/coding_practice/macros/decl/P.MAC.DCL.07.md	
P.MAC.DCL.08	principle	宏 / 声明宏	同一个 crate 内定义的宏相互调用时，需要注意卫生性	src/safe-guides/coding_practice/macros/decl/P.MAC.DCL.08.md	
P.MAC.PRO.01	principle	宏 / 过程宏	不要使用过程宏来规避静态分析检查	src/safe-guides/coding_practice/macros/proc/P.MAC.PRO.01.md	
P.MAC.PRO.02	principle	宏 / 过程宏	实现过程宏时要对关键特性增加测试	src/safe-guides/coding_practice/macros/proc/P.MAC.PRO.02.md	
P.MAC.PRO.03	principle	宏 / 过程宏	保证过程宏的卫生性	src/safe-guides/coding_practice/macros/proc/P.MAC.PRO.03.md	
P.MAC.PRO.04	principle	宏 / 过程宏	给出正确的错误位置	src/safe-guides/coding_practice/macros/proc/P.MAC.PRO.04.md	
P.CGN.01	principle	代码生成	代码生成要按情况选择使用过程宏还是 `build.rs`	src/safe-guides/coding_practice/code-generation/P.CGN.01.md	
P.CGN.02	principle	代码生成	`build.rs` 生成的代码要保证没有任何警告	src/safe-guides/coding_practice/code-generation/P.CGN.02.md	
P.MTH.LCK.01	principle	多线程 / 锁同步	多线程下要注意识别锁争用的情况，避免死锁	src/safe-guides/coding_practice/threads/lock/P.MTH.LCK.01.md	
G.MTH.LCK.01	guideline	多线程 / 锁同步	对布尔或引用并发访问应该使用原子类型而非互斥锁	src/safe-guides/coding_practice/threads/lock/G.MTH.LCK.01.md	
G.MTH.LCK.02	guideline	多线程 / 锁同步	宜使用 Arc<str> / Arc<[T]> 来代替 Arc<String> / Arc<Vec<T>>	src/safe-guides/coding_practice/threads/lock/G.MTH.LCK.02.md	
G.MTH.LCK.03	guideline	多线程 / 锁同步	尽量避免直接使用标准库 `std::sync` 模块中的同步原语，替换为 `parking_lot`	src/safe-guides/coding_practice/threads/lock/G.MTH.LCK.03.md	视情况：runtime（no_std）不适用；链下服务可用 parking_lot
G.MTH.LCK.04	guideline	多线程 / 锁同步	尽量避免直接使用标准库 `std::sync::mpsc` 模块中的 channel，替换为 `crossbeam`	src/safe-guides/coding_practice/threads/lock/G.MTH.LCK.04.md	视情况：链下服务优先 tokio::sync / crossbeam
P.MTH.LKF.01	principle	多线程 / 无锁	除非必要，否则建议使用同步锁	src/safe-guides/coding_practice/threads/lock-free/P.MTH.LKF.01.md	
P.MTH.LKF.02	principle	多线程 / 无锁	使用无锁编程时，需要合理选择内存顺序	src/safe-guides/coding_practice/threads/lock-free/P.MTH.LKF.02.md	
P.ASY.01	principle	异步编程	异步编程并不适合所有场景，计算密集型场景应该考虑同步编程	src/safe-guides/coding_practice/async-await/P.ASY.01.md	
G.ASY.01	guideline	异步编程	在 `async` 块或函数中调用 `async` 函数或闭包请不要忘记添加`.await`	src/safe-guides/coding_practice/async-await/G.ASY.01.md	
G.ASY.02	guideline	异步编程	在跨 await 调用中，需要对其持有的同步互斥锁进行处理	src/safe-guides/coding_practice/async-await/G.ASY.02.md	
G.ASY.03	guideline	异步编程	在跨 await 调用中，需要对其持有 RefCell 的引用进行处理	src/safe-guides/coding_practice/async-await/G.ASY.03.md	
G.ASY.04	guideline	异步编程	避免定义不必要的异步函数	src/safe-guides/coding_practice/async-await/G.ASY.04.md	
G.ASY.05	guideline	异步编程	避免在异步处理过程中包含阻塞操作	src/safe-guides/coding_practice/async-await/G.ASY.05.md	
P.UNS.01	principle	Unsafe Rust	不要为了逃避编译器安全检查而滥用 Unsafe Rust	src/safe-guides/coding_practice/unsafe_rust/P.UNS.01.md	
P.UNS.02	principle	Unsafe Rust	不要为了提升性能而盲目使用 Unsafe Rust	src/safe-guides/coding_practice/unsafe_rust/P.UNS.02.md	
G.UNS.01	guideline	Unsafe Rust	不宜为带有 unsafe 命名的类型或方法创建别名	src/safe-guides/coding_practice/unsafe_rust/G.UNS.01.md	
P.UNS.SAS.01	principle	Unsafe Rust / 安全抽象	代码中要注意是否会因为 Panic 发生而导致内存安全问题	src/safe-guides/coding_practice/unsafe_rust/safe_abstract/P.UNS.SAS.01.md	
P.UNS.SAS.02	principle	Unsafe Rust / 安全抽象	Unsafe 代码编写者有义务检查代码是否满足安全不变式	src/safe-guides/coding_practice/unsafe_rust/safe_abstract/P.UNS.SAS.02.md	
P.UNS.SAS.03	principle	Unsafe Rust / 安全抽象	不要随便在公开的 API 中暴露未初始化内存	src/safe-guides/coding_practice/unsafe_rust/safe_abstract/P.UNS.SAS.03.md	
P.UNS.SAS.04	principle	Unsafe Rust / 安全抽象	避免因为 Panic Safety 而导致双重释放	src/safe-guides/coding_practice/unsafe_rust/safe_abstract/P.UNS.SAS.04.md	
P.UNS.SAS.05	principle	Unsafe Rust / 安全抽象	手动实现 auto trait 时要充分考虑其安全性	src/safe-guides/coding_practice/unsafe_rust/safe_abstract/P.UNS.SAS.05.md	
P.UNS.SAS.06	principle	Unsafe Rust / 安全抽象	不要随便在公开的 API 中暴露裸指针	src/safe-guides/coding_practice/unsafe_rust/safe_abstract/P.UNS.SAS.06.md	
P.UNS.SAS.07	principle	Unsafe Rust / 安全抽象	在抽象安全方法的同时，也建议为性能考虑而增加相应的 Unsafe 方法	src/safe-guides/coding_practice/unsafe_rust/safe_abstract/P.UNS.SAS.07.md	
P.UNS.SAS.08	principle	Unsafe Rust / 安全抽象	函数参数是不可变借用的时候，返回值不应该是可变借用	src/safe-guides/coding_practice/unsafe_rust/safe_abstract/P.UNS.SAS.08.md	
P.UNS.SAS.09	principle	Unsafe Rust / 安全抽象	在任何 Unsafe 块之前都应该加 SAFETY 注释	src/safe-guides/coding_practice/unsafe_rust/safe_abstract/P.UNS.SAS.09.md	
G.UNS.SAS.01	guideline	Unsafe Rust / 安全抽象	在公开的 unsafe 函数的文档中必须增加 Safety 注释	src/safe-guides/coding_practice/unsafe_rust/safe_abstract/G.UNS.SAS.01.md	
G.UNS.SAS.02	guideline	Unsafe Rust / 安全抽象	在 Unafe 函数中应使用 `assert!` 而非 `debug_assert!` 去校验边界条件	src/safe-guides/coding_practice/unsafe_rust/safe_abstract/G.UNS.SAS.02.md	
P.UNS.PTR.01	principle	Unsafe Rust / 裸指针操作	不要将裸指针在多线程间共享	src/safe-guides/coding_practice/unsafe_rust/raw_ptr/P.UNS.PTR.01.md	
P.UNS.PTR.02	principle	Unsafe Rust / 裸指针操作	建议使用 `NonNull<T>` 来替代 `*mut T`	src/safe-guides/coding_practice/unsafe_rust/raw_ptr/P.UNS.PTR.02.md	
P.UNS.PTR.03	principle	Unsafe Rust / 裸指针操作	使用指针类型构造泛型结构体时，需要使用 `PhantomData<T>` 来指定 `T`上的协变和所有权	src/safe-guides/coding_practice/unsafe_rust/raw_ptr/P.UNS.PTR.03.md	
G.UNS.PTR.01	guideline	Unsafe Rust / 裸指针操作	当指针类型被强转为和当前内存对齐不一致的指针类型时，禁止对其解引用	src/safe-guides/coding_practice/unsafe_rust/raw_ptr/G.UNS.PTR.01.md	
G.UNS.PTR.02	guideline	Unsafe Rust / 裸指针操作	禁止将不可变指针手工转换为可变指针	src/safe-guides/coding_practice/unsafe_rust/raw_ptr/G.UNS.PTR.02.md	
G.UNS.PTR.03	guideline	Unsafe Rust / 裸指针操作	尽量使用 `pointer::cast` 来代替 使用 `as` 强转指针	src/safe-guides/coding_practice/unsafe_rust/raw_ptr/G.UNS.PTR.03.md	
P.UNS.UNI.01	principle	Unsafe Rust / 联合体	除了与 C 交互，尽量不要使用 Union	src/safe-guides/coding_practice/unsafe_rust/union/P.UNS.UNI.01.md	
P.UNS.UNI.02	principle	Unsafe Rust / 联合体	不要把联合体的不同变体用在不同生命周期内	src/safe-guides/coding_practice/unsafe_rust/union/P.UNS.UNI.02.md	
P.UNS.MEM.01	principle	Unsafe Rust / 内存	要注意选择合适的结构体、元组、枚举的数据布局	src/safe-guides/coding_practice/unsafe_rust/mem/P.UNS.MEM.01.md	
P.UNS.MEM.02	principle	Unsafe Rust / 内存	不能修改其它进程或动态库的内存变量	src/safe-guides/coding_practice/unsafe_rust/mem/P.UNS.MEM.02.md	
P.UNS.MEM.03	principle	Unsafe Rust / 内存	不能让 `String/Vec` 自动 Drop 其它进程或动态库的内存数据	src/safe-guides/coding_practice/unsafe_rust/mem/P.UNS.MEM.03.md	
P.UNS.MEM.04	principle	Unsafe Rust / 内存	尽量用可重入(reentrant)版本的 C-API 或系统调用	src/safe-guides/coding_practice/unsafe_rust/mem/P.UNS.MEM.04.md	
P.UNS.MEM.05	principle	Unsafe Rust / 内存	如果需要使用位域，推荐使用第三方库	src/safe-guides/coding_practice/unsafe_rust/mem/P.UNS.MEM.05.md	
G.UNS.MEM.01	guideline	Unsafe Rust / 内存	使用 `MaybeUninit<T>` 来处理未初始化的内存	src/safe-guides/coding_practice/unsafe_rust/mem/G.UNS.MEM.01.md	
P.UNS.FFI.01	principle	Unsafe Rust / FFi	避免从公开的 Rust API 直接传字符串到 C 中	src/safe-guides/coding_practice/unsafe_rust/ffi/P.UNS.FFI.01.md	
P.UNS.FFI.02	principle	Unsafe Rust / FFi	在使用标准库 `std::ffi` 模块提供的类型时需要仔细查看其文档	src/safe-guides/coding_practice/unsafe_rust/ffi/P.UNS.FFI.02.md	
P.UNS.FFI.03	principle	Unsafe Rust / FFi	当使用来自 C 的指针时，如果该指针需要管理内存，则需要为包装该指针的 Rust 类型实现 Drop 特质	src/safe-guides/coding_practice/unsafe_rust/ffi/P.UNS.FFI.03.md	
P.UNS.FFI.04	principle	Unsafe Rust / FFi	如果一个函数正在跨越 FFi 边界，那么需要处理 Panic	src/safe-guides/coding_practice/unsafe_rust/ffi/P.UNS.FFI.04.md	
P.UNS.FFI.05	principle	Unsafe Rust / FFi	建议使用诸如标准库或 `libc` crate 所提供的可移植类型别名，而不是特定平台的类型	src/safe-guides/coding_practice/unsafe_rust/ffi/P.UNS.FFI.05.md	
P.UNS.FFI.06	principle	Unsafe Rust / FFi	Rust 和 C 之间传递字符或字符串时需要注意字符串要符合 C-ABI 以及 字符串的编码	src/safe-guides/coding_practice/unsafe_rust/ffi/P.UNS.FFI.06.md	
P.UNS.FFI.07	principle	Unsafe Rust / FFi	不要为任何传出外部的类型实现 Drop	src/safe-guides/coding_practice/unsafe_rust/ffi/P.UNS.FFI.07.md	
P.UNS.FFI.08	principle	Unsafe Rust / FFi	FFi 中要进行合理的错误处理	src/safe-guides/coding_practice/unsafe_rust/ffi/P.UNS.FFI.08.md	
P.UNS.FFI.09	principle	Unsafe Rust / FFi	当 Rust 调用外部 C 函数时，如果可以确认安全，可以通过引用来代替裸指针	src/safe-guides/coding_practice/unsafe_rust/ffi/P.UNS.FFI.09.md	
P.UNS.FFI.10	principle	Unsafe Rust / FFi	当 Rust 函数导出外部函数时，必须从设计上保证被跨线程调用的安全性	src/safe-guides/coding_practice/unsafe_rust/ffi/P.UNS.FFI.10.md	
P.UNS.FFI.11	principle	Unsafe Rust / FFi	如需引用指定为 `#[repr(packed)]` 内存布局的结构体成员字段要注意合理规避未定义行为	src/safe-guides/coding_practice/unsafe_rust/ffi/P.UNS.FFI.11.md	
P.UNS.FFI.12	principle	Unsafe Rust / FFi	当依赖 C 端传入参数时，需要在文档注释中不变性声明，根据不同的调用场景选择合适的安全抽象方式	src/safe-guides/coding_practice/unsafe_rust/ffi/P.UNS.FFI.12.md	
P.UNS.FFI.13	principle	Unsafe Rust / FFi	自定义数据类型要保证一致的数据布局	src/safe-guides/coding_practice/unsafe_rust/ffi/P.UNS.FFI.13.md	
P.UNS.FFI.14	principle	Unsafe Rust / FFi	在 FFi 中使用的类型应该拥有稳定布局	src/safe-guides/coding_practice/unsafe_rust/ffi/P.UNS.FFI.14.md	
P.UNS.FFI.15	principle	Unsafe Rust / FFi	从外部传入的不健壮类型的外部值要进行检查	src/safe-guides/coding_practice/unsafe_rust/ffi/P.UNS.FFI.15.md	
P.UNS.FFI.16	principle	Unsafe Rust / FFi	给 C 接口传递 Rust 闭包时需要将数据和代码进行分离，并要保证其安全性	src/safe-guides/coding_practice/unsafe_rust/ffi/P.UNS.FFI.16.md	
P.UNS.FFI.17	principle	Unsafe Rust / FFi	当Rust绑定C-API不透明(Opaque)类型时，应该使用指向专用不透明类型的指针而不是`c_void`指针	src/safe-guides/coding_practice/unsafe_rust/ffi/P.UNS.FFI.17.md	
P.UNS.FFI.18	principle	Unsafe Rust / FFi	避免将 trait 对象传递给 C 接口	src/safe-guides/coding_practice/unsafe_rust/ffi/P.UNS.FFI.18.md	
P.UNS.FIO.01	principle	Unsafe Rust / I/O	在使用原始句柄的时候，要注意 `I/O` 安全性	src/safe-guides/coding_practice/unsafe_rust/io/P.UNS.FIO.01.md	
P.EMB.01	principle	no-std	no-std 下必须定义一个Panic行为以确保安全	src/safe-guides/coding_practice/no-std/P.EMB.01.md	
P.EMB.02	principle	no-std	no-std 下要确保程序中的类型有正确的内存布局	src/safe-guides/coding_practice/no-std/P.EMB.02.md	
P.FIO.01	principle	I/O	使用 `read_to_end`/`read_to_string`方法时注意文件的大小能否一次性读入内存中	src/safe-guides/coding_practice/io/P.FIO.01.md	
G.FIO.01	guideline	I/O	文件读取建议使用 `BufReader`/`BufWriter` 来代替 `Reader`/`Write`	src/safe-guides/coding_practice/io/G.FIO.01.md	
P.SEC.01	principle	信息安全	使用第三方库的时候要确保可信的依赖，小心供应链攻击	src/safe-guides/coding_practice/security/P.SEC.01.md	
G.SEC.01	guideline	信息安全	代码中不要出现非法 Unicode 字符，也要防范非法 Unicode 字符	src/safe-guides/coding_practice/security/G.SEC.01.md	
G.OTH.01	guideline	其他	对于某些场景下不建议使用的方法可以通过配置 clippy.toml 来拒绝	src/safe-guides/coding_practice/others/G.OTH.01.md	
G.OTH.01	guideline	其他	使用标准库中对应的方法计算秒级、毫秒级、微秒级的时间	src/safe-guides/coding_practice/others/G.OTH.02.md	
